"‡∏ä‡∏∑‡πà‡∏≠‡∏•‡∏π‡∏Å‡∏Ñ‡πâ‡∏≤","Person  Contact","Activity","‡∏õ‡∏£‡∏∞‡πÄ‡∏†‡∏ó‡∏•‡∏π‡∏Å‡∏Ñ‡πâ‡∏≤","Sale","Date","Time","Duration","Visiting  Objective","Location","Visiting  Detail"
"tcx","k er","Product Present","Target","‡∏û‡∏†‡∏±‡∏™‡∏™‡∏£‡∏ì‡πå ‡πÅ‡∏û‡∏£","23:11:2017","15:53","","","",""
"‡∏™‡∏´‡∏†‡∏≤‡∏û","<span class=""not-set"">(‡πÑ‡∏°‡πà‡πÑ‡∏î‡πâ‡∏ï‡∏±‡πâ‡∏á)</span>","Follow Up","test type 3","‡∏û‡∏†‡∏±‡∏™‡∏™‡∏£‡∏ì‡πå ‡πÅ‡∏û‡∏£","23:11:2017","15:52","","","",""
"testhhhh","<span class=""not-set"">(‡πÑ‡∏°‡πà‡πÑ‡∏î‡πâ‡∏ï‡∏±‡πâ‡∏á)</span>","Follow Up","Type 04","‡∏û‡∏†‡∏±‡∏™‡∏™‡∏£‡∏ì‡πå ‡πÅ‡∏û‡∏£","16:11:2017","02:00","","","",""
"hahjwuuu","<span class=""not-set"">(‡πÑ‡∏°‡πà‡πÑ‡∏î‡πâ‡∏ï‡∏±‡πâ‡∏á)</span>","Product Present","‡∏ï‡∏±‡∏ß‡πÅ‡∏ó‡∏ô‡∏à‡∏≥‡∏´‡∏ô‡πà‡∏≤‡∏¢","‡∏û‡∏†‡∏±‡∏™‡∏™‡∏£‡∏ì‡πå ‡πÅ‡∏û‡∏£","16:11:2017","01:59","","","",""
"‡∏™‡∏´‡∏†‡∏≤‡∏û","<span class=""not-set"">(‡πÑ‡∏°‡πà‡πÑ‡∏î‡πâ‡∏ï‡∏±‡πâ‡∏á)</span>","Product Present","test type 3","‡∏û‡∏†‡∏±‡∏™‡∏™‡∏£‡∏ì‡πå ‡πÅ‡∏û‡∏£","02:11:2017","02:33","","","",""
"toyota ‡∏ô‡∏Ñ‡∏£‡∏ò‡∏ô","‡∏Ñ‡∏∏‡∏ì‡πÅ‡∏≠‡∏•","Product Present","‡∏ï‡∏±‡∏ß‡πÅ‡∏ó‡∏ô‡∏à‡∏≥‡∏´‡∏ô‡πà‡∏≤‡∏¢","‡∏û‡∏†‡∏±‡∏™‡∏™‡∏£‡∏ì‡πå ‡πÅ‡∏û‡∏£","02:11:2017","01:31","","","",""
"‡πÅ‡∏™‡∏á‡πÄ‡∏ó‡∏µ‡∏¢‡∏ô","‡∏ß‡∏¥‡∏°‡∏•","Follow Up","test type 1","‡∏û‡∏†‡∏±‡∏™‡∏™‡∏£‡∏ì‡πå ‡πÅ‡∏û‡∏£","01:11:2017","06:17","","","",""
"sizler central","sizler","Other","Target","loylum bunnag","31:10:2017","12:34","","","",""
"sizler central","sizler","Other","Target","loylum bunnag","31:10:2017","12:33","","","",""
"sizler central","sizler","Other","Target","loylum bunnag","31:10:2017","11:43","","","",""
"central east view ","subject ","Product Present","Postpect","‡∏û‡∏†‡∏±‡∏™‡∏™‡∏£‡∏ì‡πå ‡πÅ‡∏û‡∏£","31:10:2017","07:09","","","",""
"test1199","ploy111","Product Present","Postpect","‡∏û‡∏†‡∏±‡∏™‡∏™‡∏£‡∏ì‡πå ‡πÅ‡∏û‡∏£","30:10:2017","06:25","","","",""
"tgc","bb","Follow Up","Customer","‡∏û‡∏†‡∏±‡∏™‡∏™‡∏£‡∏ì‡πå ‡πÅ‡∏û‡∏£","12:10:2017","11:25","","","",""
"test 009","test","Product Present","Customer","‡∏û‡∏†‡∏±‡∏™‡∏™‡∏£‡∏ì‡πå ‡πÅ‡∏û‡∏£","21:09:2017","10:42","","","",""
"‡πÄ‡∏ö‡∏ç‡∏à‡∏ß‡∏£‡∏£‡∏ì","ff","Product Present","Type 04","‡∏û‡∏†‡∏±‡∏™‡∏™‡∏£‡∏ì‡πå ‡πÅ‡∏û‡∏£","18:08:2017","12:16","","","",""
"‡πÄ‡∏ö‡∏ç‡∏à‡∏ß‡∏£‡∏£‡∏ì","ff","Product Present","Type 04","‡∏û‡∏†‡∏±‡∏™‡∏™‡∏£‡∏ì‡πå ‡πÅ‡∏û‡∏£","01:08:2017","11:27","","","",""
"toyota libra","fmüòé","Other","Customer","‡∏û‡∏†‡∏±‡∏™‡∏™‡∏£‡∏ì‡πå ‡πÅ‡∏û‡∏£","14:07:2017","09:33","","","",""
"nobita","nobi","What ?","Type 04","<span class=""not-set"">(‡πÑ‡∏°‡πà‡πÑ‡∏î‡πâ‡∏ï‡∏±‡πâ‡∏á)</span>","03:07:2017","11:05","","","",""
"‡πÄ‡∏ö‡∏ç‡∏à‡∏ß‡∏£‡∏£‡∏ì","ff","What ?","Type 04","<span class=""not-set"">(‡πÑ‡∏°‡πà‡πÑ‡∏î‡πâ‡∏ï‡∏±‡πâ‡∏á)</span>","03:07:2017","11:04","","","",""
"‡πÅ‡∏™‡∏á‡πÄ‡∏ó‡∏µ‡∏¢‡∏ô","‡∏ß‡∏¥‡∏°‡∏•","Product Present","test type 1","<span class=""not-set"">(‡πÑ‡∏°‡πà‡πÑ‡∏î‡πâ‡∏ï‡∏±‡πâ‡∏á)</span>","03:07:2017","10:51","","","",""
"‡∏ô‡∏≤‡∏¢‡∏ó‡∏î‡∏™‡∏≠‡∏ö 111","ss","Follow Up","Type 04","<span class=""not-set"">(‡πÑ‡∏°‡πà‡πÑ‡∏î‡πâ‡∏ï‡∏±‡πâ‡∏á)</span>","12:06:2017","18:30","","","",""
"‡πÄ‡∏ö‡∏ç‡∏à‡∏ß‡∏£‡∏£‡∏ì","ff","Take Order","Type 04","<span class=""not-set"">(‡πÑ‡∏°‡πà‡πÑ‡∏î‡πâ‡∏ï‡∏±‡πâ‡∏á)</span>","12:06:2017","17:33","","","",""
"chokchai road","mail","Follow Up","Customer","<span class=""not-set"">(‡πÑ‡∏°‡πà‡πÑ‡∏î‡πâ‡∏ï‡∏±‡πâ‡∏á)</span>","07:06:2017","11:53","","","",""
"chokchai road","mail","Take Order","Customer","<span class=""not-set"">(‡πÑ‡∏°‡πà‡πÑ‡∏î‡πâ‡∏ï‡∏±‡πâ‡∏á)</span>","01:06:2017","14:42","","","",""
"‡πÄ‡∏ö‡∏ç‡∏à‡∏ß‡∏£‡∏£‡∏ì","ff","Take Order","Type 04","<span class=""not-set"">(‡πÑ‡∏°‡πà‡πÑ‡∏î‡πâ‡∏ï‡∏±‡πâ‡∏á)</span>","01:06:2017","14:42","","","",""
"<span class=""not-set"">(‡πÑ‡∏°‡πà‡πÑ‡∏î‡πâ‡∏ï‡∏±‡πâ‡∏á)</span>","<span class=""not-set"">(‡πÑ‡∏°‡πà‡πÑ‡∏î‡πâ‡∏ï‡∏±‡πâ‡∏á)</span>","Follow Up","<span class=""not-set"">(‡πÑ‡∏°‡πà‡πÑ‡∏î‡πâ‡∏ï‡∏±‡πâ‡∏á)</span>","<span class=""not-set"">(‡πÑ‡∏°‡πà‡πÑ‡∏î‡πâ‡∏ï‡∏±‡πâ‡∏á)</span>","31:05:2017","09:09","","","",""
"chokchai road","mail","Product Present","Customer","<span class=""not-set"">(‡πÑ‡∏°‡πà‡πÑ‡∏î‡πâ‡∏ï‡∏±‡πâ‡∏á)</span>","31:05:2017","09:06","","","",""
"test@11","test99","Product Present","Postpect","‡∏û‡∏†‡∏±‡∏™‡∏™‡∏£‡∏ì‡πå ‡πÅ‡∏û‡∏£","24:05:2017","11:37","","","",""
"‡∏Ç‡πâ‡∏≤‡∏ß‡∏°‡∏±‡∏ô‡πÑ‡∏Å‡πà‡∏™‡∏¥‡∏á‡∏Ñ‡πÇ‡∏õ‡∏£‡πå","‡∏ó‡∏î‡∏™‡∏≠‡∏ö","Take Order","Postpect","‡∏û‡∏†‡∏±‡∏™‡∏™‡∏£‡∏ì‡πå ‡πÅ‡∏û‡∏£","24:05:2017","11:35","","","",""
"vsmak","maximus1","Take Order","Customer","‡∏û‡∏†‡∏±‡∏™‡∏™‡∏£‡∏ì‡πå ‡πÅ‡∏û‡∏£","24:05:2017","11:35","","","",""
"test manee1","best","Product Present","Postpect","‡∏û‡∏†‡∏±‡∏™‡∏™‡∏£‡∏ì‡πå ‡πÅ‡∏û‡∏£","24:05:2017","11:32","","","",""
"‡∏Ç‡πâ‡∏≤‡∏ß‡∏°‡∏±‡∏ô‡πÑ‡∏Å‡πà‡∏™‡∏¥‡∏á‡∏Ñ‡πÇ‡∏õ‡∏£‡πå","‡∏ó‡∏î‡∏™‡∏≠‡∏ö","Other","Postpect","<span class=""not-set"">(‡πÑ‡∏°‡πà‡πÑ‡∏î‡πâ‡∏ï‡∏±‡πâ‡∏á)</span>","16:05:2017","12:59","","","",""
"test manee1","best","Take Order","Postpect","<span class=""not-set"">(‡πÑ‡∏°‡πà‡πÑ‡∏î‡πâ‡∏ï‡∏±‡πâ‡∏á)</span>","16:05:2017","12:00","","","",""
"new ","Su","Follow Up","Target","‡∏û‡∏†‡∏±‡∏™‡∏™‡∏£‡∏ì‡πå ‡πÅ‡∏û‡∏£","16:05:2017","11:50","","","",""
"maximus","esus","Follow Up","Target","‡∏û‡∏†‡∏±‡∏™‡∏™‡∏£‡∏ì‡πå ‡πÅ‡∏û‡∏£","16:05:2017","11:27","","","",""
"test manee","best","Follow Up","Postpect","‡∏û‡∏†‡∏±‡∏™‡∏™‡∏£‡∏ì‡πå ‡πÅ‡∏û‡∏£","16:05:2017","11:26","","","",""
"nobita","nobi","Follow Up","Customer","‡∏û‡∏†‡∏±‡∏™‡∏™‡∏£‡∏ì‡πå ‡πÅ‡∏û‡∏£","16:05:2017","11:25","","","",""
"vsmak","maximus1","Take Order","Customer","‡∏û‡∏†‡∏±‡∏™‡∏™‡∏£‡∏ì‡πå ‡πÅ‡∏û‡∏£","16:05:2017","11:25","","","",""
"new ","Su","Follow Up","Target","‡∏û‡∏†‡∏±‡∏™‡∏™‡∏£‡∏ì‡πå ‡πÅ‡∏û‡∏£","16:05:2017","11:21","","","",""
"nobita","nobi","Take Order","Customer","‡∏û‡∏†‡∏±‡∏™‡∏™‡∏£‡∏ì‡πå ‡πÅ‡∏û‡∏£","16:05:2017","11:19","","","",""
"maximus","esus","Follow Up","Target","‡∏û‡∏†‡∏±‡∏™‡∏™‡∏£‡∏ì‡πå ‡πÅ‡∏û‡∏£","16:05:2017","11:17","","","",""
"maximus","esus","Product Present","Target","<span class=""not-set"">(‡πÑ‡∏°‡πà‡πÑ‡∏î‡πâ‡∏ï‡∏±‡πâ‡∏á)</span>","11:05:2017","18:20","","","",""
"maximus","esus","Follow Up","Target","<span class=""not-set"">(‡πÑ‡∏°‡πà‡πÑ‡∏î‡πâ‡∏ï‡∏±‡πâ‡∏á)</span>","04:05:2017","17:48","","","",""
"maximus","esus","Product Present","Target","<span class=""not-set"">(‡πÑ‡∏°‡πà‡πÑ‡∏î‡πâ‡∏ï‡∏±‡πâ‡∏á)</span>","04:05:2017","17:00","","","",""
